,ticker,security,yahoo_urls
0,ABT,Abbott Laboratories,https://finance.yahoo.com/quote/ABT/history?p=ABT
1,ABBV,AbbVie,https://finance.yahoo.com/quote/ABBV/history?p=ABBV
2,ABMD,Abiomed,https://finance.yahoo.com/quote/ABMD/history?p=ABMD
3,ACN,Accenture,https://finance.yahoo.com/quote/ACN/history?p=ACN
4,ATVI,Activision Blizzard,https://finance.yahoo.com/quote/ATVI/history?p=ATVI
5,ADBE,Adobe,https://finance.yahoo.com/quote/ADBE/history?p=ADBE
6,AMD,Advanced Micro Devices,https://finance.yahoo.com/quote/AMD/history?p=AMD
7,AAP,Advance Auto Parts,https://finance.yahoo.com/quote/AAP/history?p=AAP
8,AES,AES Corp,https://finance.yahoo.com/quote/AES/history?p=AES
9,AFL,Aflac,https://finance.yahoo.com/quote/AFL/history?p=AFL
10,A,Agilent Technologies,https://finance.yahoo.com/quote/A/history?p=A
11,APD,Air Products & Chemicals,https://finance.yahoo.com/quote/APD/history?p=APD
12,AKAM,Akamai Technologies,https://finance.yahoo.com/quote/AKAM/history?p=AKAM
13,ALK,Alaska Air Group,https://finance.yahoo.com/quote/ALK/history?p=ALK
14,ALB,Albemarle Corporation,https://finance.yahoo.com/quote/ALB/history?p=ALB
15,ARE,Alexandria Real Estate Equities,https://finance.yahoo.com/quote/ARE/history?p=ARE
16,ALGN,Align Technology,https://finance.yahoo.com/quote/ALGN/history?p=ALGN
17,ALLE,Allegion,https://finance.yahoo.com/quote/ALLE/history?p=ALLE
18,LNT,Alliant Energy,https://finance.yahoo.com/quote/LNT/history?p=LNT
19,ALL,Allstate Corp,https://finance.yahoo.com/quote/ALL/history?p=ALL
20,GOOGL,Alphabet (Class A),https://finance.yahoo.com/quote/GOOGL/history?p=GOOGL
21,GOOG,Alphabet (Class C),https://finance.yahoo.com/quote/GOOG/history?p=GOOG
22,MO,Altria Group,https://finance.yahoo.com/quote/MO/history?p=MO
23,AMZN,Amazon,https://finance.yahoo.com/quote/AMZN/history?p=AMZN
24,AMCR,Amcor,https://finance.yahoo.com/quote/AMCR/history?p=AMCR
25,AEE,Ameren Corp,https://finance.yahoo.com/quote/AEE/history?p=AEE
26,AAL,American Airlines Group,https://finance.yahoo.com/quote/AAL/history?p=AAL
27,AEP,American Electric Power,https://finance.yahoo.com/quote/AEP/history?p=AEP
28,AXP,American Express,https://finance.yahoo.com/quote/AXP/history?p=AXP
29,AIG,American International Group,https://finance.yahoo.com/quote/AIG/history?p=AIG
30,AMT,American Tower,https://finance.yahoo.com/quote/AMT/history?p=AMT
31,AWK,American Water Works,https://finance.yahoo.com/quote/AWK/history?p=AWK
32,AMP,Ameriprise Financial,https://finance.yahoo.com/quote/AMP/history?p=AMP
33,ABC,AmerisourceBergen,https://finance.yahoo.com/quote/ABC/history?p=ABC
34,AME,Ametek,https://finance.yahoo.com/quote/AME/history?p=AME
35,AMGN,Amgen,https://finance.yahoo.com/quote/AMGN/history?p=AMGN
36,APH,Amphenol,https://finance.yahoo.com/quote/APH/history?p=APH
37,ADI,Analog Devices,https://finance.yahoo.com/quote/ADI/history?p=ADI
38,ANSS,Ansys,https://finance.yahoo.com/quote/ANSS/history?p=ANSS
39,ANTM,Anthem,https://finance.yahoo.com/quote/ANTM/history?p=ANTM
40,AON,Aon,https://finance.yahoo.com/quote/AON/history?p=AON
41,AOS,A. O. Smith,https://finance.yahoo.com/quote/AOS/history?p=AOS
42,APA,APA Corporation,https://finance.yahoo.com/quote/APA/history?p=APA
43,AAPL,Apple,https://finance.yahoo.com/quote/AAPL/history?p=AAPL
44,AMAT,Applied Materials,https://finance.yahoo.com/quote/AMAT/history?p=AMAT
45,APTV,Aptiv,https://finance.yahoo.com/quote/APTV/history?p=APTV
46,ADM,ADM,https://finance.yahoo.com/quote/ADM/history?p=ADM
47,ANET,Arista Networks,https://finance.yahoo.com/quote/ANET/history?p=ANET
48,AJG,Arthur J. Gallagher & Co.,https://finance.yahoo.com/quote/AJG/history?p=AJG
49,AIZ,Assurant,https://finance.yahoo.com/quote/AIZ/history?p=AIZ
50,T,AT&T,https://finance.yahoo.com/quote/T/history?p=T
51,ATO,Atmos Energy,https://finance.yahoo.com/quote/ATO/history?p=ATO
52,ADSK,Autodesk,https://finance.yahoo.com/quote/ADSK/history?p=ADSK
53,ADP,Automatic Data Processing,https://finance.yahoo.com/quote/ADP/history?p=ADP
54,AZO,AutoZone,https://finance.yahoo.com/quote/AZO/history?p=AZO
55,AVB,AvalonBay Communities,https://finance.yahoo.com/quote/AVB/history?p=AVB
56,AVY,Avery Dennison,https://finance.yahoo.com/quote/AVY/history?p=AVY
57,BKR,Baker Hughes,https://finance.yahoo.com/quote/BKR/history?p=BKR
58,BLL,Ball Corp,https://finance.yahoo.com/quote/BLL/history?p=BLL
59,BAC,Bank of America,https://finance.yahoo.com/quote/BAC/history?p=BAC
60,BBWI,Bath & Body Works,https://finance.yahoo.com/quote/BBWI/history?p=BBWI
61,BAX,Baxter International,https://finance.yahoo.com/quote/BAX/history?p=BAX
62,BDX,Becton Dickinson,https://finance.yahoo.com/quote/BDX/history?p=BDX
63,BRK.B,Berkshire Hathaway,https://finance.yahoo.com/quote/BRK.B/history?p=BRK.B
64,BBY,Best Buy,https://finance.yahoo.com/quote/BBY/history?p=BBY
65,BIO,Bio-Rad Laboratories,https://finance.yahoo.com/quote/BIO/history?p=BIO
66,TECH,Bio-Techne,https://finance.yahoo.com/quote/TECH/history?p=TECH
67,BIIB,Biogen,https://finance.yahoo.com/quote/BIIB/history?p=BIIB
68,BLK,BlackRock,https://finance.yahoo.com/quote/BLK/history?p=BLK
69,BK,BNY Mellon,https://finance.yahoo.com/quote/BK/history?p=BK
70,BA,Boeing,https://finance.yahoo.com/quote/BA/history?p=BA
71,BKNG,Booking Holdings,https://finance.yahoo.com/quote/BKNG/history?p=BKNG
72,BWA,BorgWarner,https://finance.yahoo.com/quote/BWA/history?p=BWA
73,BXP,Boston Properties,https://finance.yahoo.com/quote/BXP/history?p=BXP
74,BSX,Boston Scientific,https://finance.yahoo.com/quote/BSX/history?p=BSX
75,BMY,Bristol Myers Squibb,https://finance.yahoo.com/quote/BMY/history?p=BMY
76,AVGO,Broadcom,https://finance.yahoo.com/quote/AVGO/history?p=AVGO
77,BR,Broadridge Financial Solutions,https://finance.yahoo.com/quote/BR/history?p=BR
78,BRO,Brown & Brown,https://finance.yahoo.com/quote/BRO/history?p=BRO
79,BF.B,Brown–Forman,https://finance.yahoo.com/quote/BF.B/history?p=BF.B
80,CHRW,C. H. Robinson,https://finance.yahoo.com/quote/CHRW/history?p=CHRW
81,CDNS,Cadence Design Systems,https://finance.yahoo.com/quote/CDNS/history?p=CDNS
82,CZR,Caesars Entertainment,https://finance.yahoo.com/quote/CZR/history?p=CZR
83,CPB,Campbell Soup,https://finance.yahoo.com/quote/CPB/history?p=CPB
84,COF,Capital One,https://finance.yahoo.com/quote/COF/history?p=COF
85,CAH,Cardinal Health,https://finance.yahoo.com/quote/CAH/history?p=CAH
86,KMX,CarMax,https://finance.yahoo.com/quote/KMX/history?p=KMX
87,CCL,Carnival Corporation,https://finance.yahoo.com/quote/CCL/history?p=CCL
88,CARR,Carrier Global,https://finance.yahoo.com/quote/CARR/history?p=CARR
89,CTLT,Catalent,https://finance.yahoo.com/quote/CTLT/history?p=CTLT
90,CAT,Caterpillar,https://finance.yahoo.com/quote/CAT/history?p=CAT
91,CBOE,Cboe Global Markets,https://finance.yahoo.com/quote/CBOE/history?p=CBOE
92,CBRE,CBRE,https://finance.yahoo.com/quote/CBRE/history?p=CBRE
93,CDW,CDW,https://finance.yahoo.com/quote/CDW/history?p=CDW
94,CE,Celanese,https://finance.yahoo.com/quote/CE/history?p=CE
95,CNC,Centene,https://finance.yahoo.com/quote/CNC/history?p=CNC
96,CNP,CenterPoint Energy,https://finance.yahoo.com/quote/CNP/history?p=CNP
97,CDAY,Ceridian,https://finance.yahoo.com/quote/CDAY/history?p=CDAY
98,CERN,Cerner,https://finance.yahoo.com/quote/CERN/history?p=CERN
99,CF,CF Industries,https://finance.yahoo.com/quote/CF/history?p=CF
100,CRL,Charles River Laboratories,https://finance.yahoo.com/quote/CRL/history?p=CRL
101,SCHW,Charles Schwab,https://finance.yahoo.com/quote/SCHW/history?p=SCHW
102,CHTR,Charter Communications,https://finance.yahoo.com/quote/CHTR/history?p=CHTR
103,CVX,Chevron,https://finance.yahoo.com/quote/CVX/history?p=CVX
104,CMG,Chipotle Mexican Grill,https://finance.yahoo.com/quote/CMG/history?p=CMG
105,CB,Chubb,https://finance.yahoo.com/quote/CB/history?p=CB
106,CHD,Church & Dwight,https://finance.yahoo.com/quote/CHD/history?p=CHD
107,CI,Cigna,https://finance.yahoo.com/quote/CI/history?p=CI
108,CINF,Cincinnati Financial,https://finance.yahoo.com/quote/CINF/history?p=CINF
109,CTAS,Cintas Corporation,https://finance.yahoo.com/quote/CTAS/history?p=CTAS
110,CSCO,Cisco Systems,https://finance.yahoo.com/quote/CSCO/history?p=CSCO
111,C,Citigroup,https://finance.yahoo.com/quote/C/history?p=C
112,CFG,Citizens Financial Group,https://finance.yahoo.com/quote/CFG/history?p=CFG
113,CTXS,Citrix Systems,https://finance.yahoo.com/quote/CTXS/history?p=CTXS
114,CLX,Clorox,https://finance.yahoo.com/quote/CLX/history?p=CLX
115,CME,CME Group,https://finance.yahoo.com/quote/CME/history?p=CME
116,CMS,CMS Energy,https://finance.yahoo.com/quote/CMS/history?p=CMS
117,KO,Coca-Cola,https://finance.yahoo.com/quote/KO/history?p=KO
118,CTSH,Cognizant Technology Solutions,https://finance.yahoo.com/quote/CTSH/history?p=CTSH
119,CL,Colgate-Palmolive,https://finance.yahoo.com/quote/CL/history?p=CL
120,CMCSA,Comcast,https://finance.yahoo.com/quote/CMCSA/history?p=CMCSA
121,CMA,Comerica,https://finance.yahoo.com/quote/CMA/history?p=CMA
122,CAG,Conagra Brands,https://finance.yahoo.com/quote/CAG/history?p=CAG
123,COP,ConocoPhillips,https://finance.yahoo.com/quote/COP/history?p=COP
124,ED,Consolidated Edison,https://finance.yahoo.com/quote/ED/history?p=ED
125,STZ,Constellation Brands,https://finance.yahoo.com/quote/STZ/history?p=STZ
126,COO,The Cooper Companies,https://finance.yahoo.com/quote/COO/history?p=COO
127,CPRT,Copart,https://finance.yahoo.com/quote/CPRT/history?p=CPRT
128,GLW,Corning,https://finance.yahoo.com/quote/GLW/history?p=GLW
129,CTVA,Corteva,https://finance.yahoo.com/quote/CTVA/history?p=CTVA
130,COST,Costco,https://finance.yahoo.com/quote/COST/history?p=COST
131,CTRA,Coterra,https://finance.yahoo.com/quote/CTRA/history?p=CTRA
132,CCI,Crown Castle,https://finance.yahoo.com/quote/CCI/history?p=CCI
133,CSX,CSX,https://finance.yahoo.com/quote/CSX/history?p=CSX
134,CMI,Cummins,https://finance.yahoo.com/quote/CMI/history?p=CMI
135,CVS,CVS Health,https://finance.yahoo.com/quote/CVS/history?p=CVS
136,DHI,D. R. Horton,https://finance.yahoo.com/quote/DHI/history?p=DHI
137,DHR,Danaher,https://finance.yahoo.com/quote/DHR/history?p=DHR
138,DRI,Darden Restaurants,https://finance.yahoo.com/quote/DRI/history?p=DRI
139,DVA,DaVita,https://finance.yahoo.com/quote/DVA/history?p=DVA
140,DE,Deere & Co.,https://finance.yahoo.com/quote/DE/history?p=DE
141,DAL,Delta Air Lines,https://finance.yahoo.com/quote/DAL/history?p=DAL
142,XRAY,Dentsply Sirona,https://finance.yahoo.com/quote/XRAY/history?p=XRAY
143,DVN,Devon Energy,https://finance.yahoo.com/quote/DVN/history?p=DVN
144,DXCM,DexCom,https://finance.yahoo.com/quote/DXCM/history?p=DXCM
145,FANG,Diamondback Energy,https://finance.yahoo.com/quote/FANG/history?p=FANG
146,DLR,Digital Realty Trust,https://finance.yahoo.com/quote/DLR/history?p=DLR
147,DFS,Discover Financial Services,https://finance.yahoo.com/quote/DFS/history?p=DFS
148,DISCA,Discovery (Series A),https://finance.yahoo.com/quote/DISCA/history?p=DISCA
149,DISCK,Discovery (Series C),https://finance.yahoo.com/quote/DISCK/history?p=DISCK
150,DISH,Dish Network,https://finance.yahoo.com/quote/DISH/history?p=DISH
151,DG,Dollar General,https://finance.yahoo.com/quote/DG/history?p=DG
152,DLTR,Dollar Tree,https://finance.yahoo.com/quote/DLTR/history?p=DLTR
153,D,Dominion Energy,https://finance.yahoo.com/quote/D/history?p=D
154,DPZ,Domino's Pizza,https://finance.yahoo.com/quote/DPZ/history?p=DPZ
155,DOV,Dover Corporation,https://finance.yahoo.com/quote/DOV/history?p=DOV
156,DOW,Dow,https://finance.yahoo.com/quote/DOW/history?p=DOW
157,DTE,DTE Energy,https://finance.yahoo.com/quote/DTE/history?p=DTE
158,DUK,Duke Energy,https://finance.yahoo.com/quote/DUK/history?p=DUK
159,DRE,Duke Realty Corp,https://finance.yahoo.com/quote/DRE/history?p=DRE
160,DD,DuPont,https://finance.yahoo.com/quote/DD/history?p=DD
161,DXC,DXC Technology,https://finance.yahoo.com/quote/DXC/history?p=DXC
162,EMN,Eastman Chemical,https://finance.yahoo.com/quote/EMN/history?p=EMN
163,ETN,Eaton Corporation,https://finance.yahoo.com/quote/ETN/history?p=ETN
164,EBAY,eBay,https://finance.yahoo.com/quote/EBAY/history?p=EBAY
165,ECL,Ecolab,https://finance.yahoo.com/quote/ECL/history?p=ECL
166,EIX,Edison International,https://finance.yahoo.com/quote/EIX/history?p=EIX
167,EW,Edwards Lifesciences,https://finance.yahoo.com/quote/EW/history?p=EW
168,EA,Electronic Arts,https://finance.yahoo.com/quote/EA/history?p=EA
169,EMR,Emerson Electric,https://finance.yahoo.com/quote/EMR/history?p=EMR
170,ENPH,Enphase Energy,https://finance.yahoo.com/quote/ENPH/history?p=ENPH
171,ETR,Entergy,https://finance.yahoo.com/quote/ETR/history?p=ETR
172,EOG,EOG Resources,https://finance.yahoo.com/quote/EOG/history?p=EOG
173,EFX,Equifax,https://finance.yahoo.com/quote/EFX/history?p=EFX
174,EQIX,Equinix,https://finance.yahoo.com/quote/EQIX/history?p=EQIX
175,EQR,Equity Residential,https://finance.yahoo.com/quote/EQR/history?p=EQR
176,ESS,Essex Property Trust,https://finance.yahoo.com/quote/ESS/history?p=ESS
177,EL,Estée Lauder Companies,https://finance.yahoo.com/quote/EL/history?p=EL
178,ETSY,Etsy,https://finance.yahoo.com/quote/ETSY/history?p=ETSY
179,EVRG,Evergy,https://finance.yahoo.com/quote/EVRG/history?p=EVRG
180,ES,Eversource Energy,https://finance.yahoo.com/quote/ES/history?p=ES
181,RE,Everest Re,https://finance.yahoo.com/quote/RE/history?p=RE
182,EXC,Exelon,https://finance.yahoo.com/quote/EXC/history?p=EXC
183,EXPE,Expedia Group,https://finance.yahoo.com/quote/EXPE/history?p=EXPE
184,EXPD,Expeditors,https://finance.yahoo.com/quote/EXPD/history?p=EXPD
185,EXR,Extra Space Storage,https://finance.yahoo.com/quote/EXR/history?p=EXR
186,XOM,ExxonMobil,https://finance.yahoo.com/quote/XOM/history?p=XOM
187,FFIV,F5 Networks,https://finance.yahoo.com/quote/FFIV/history?p=FFIV
188,FB,Facebook,https://finance.yahoo.com/quote/FB/history?p=FB
189,FAST,Fastenal,https://finance.yahoo.com/quote/FAST/history?p=FAST
190,FRT,Federal Realty Investment Trust,https://finance.yahoo.com/quote/FRT/history?p=FRT
191,FDX,FedEx,https://finance.yahoo.com/quote/FDX/history?p=FDX
192,FIS,Fidelity National Information Services,https://finance.yahoo.com/quote/FIS/history?p=FIS
193,FITB,Fifth Third Bancorp,https://finance.yahoo.com/quote/FITB/history?p=FITB
194,FE,FirstEnergy,https://finance.yahoo.com/quote/FE/history?p=FE
195,FRC,First Republic Bank,https://finance.yahoo.com/quote/FRC/history?p=FRC
196,FISV,Fiserv,https://finance.yahoo.com/quote/FISV/history?p=FISV
197,FLT,Fleetcor,https://finance.yahoo.com/quote/FLT/history?p=FLT
198,FMC,FMC Corporation,https://finance.yahoo.com/quote/FMC/history?p=FMC
199,F,Ford,https://finance.yahoo.com/quote/F/history?p=F
200,FTNT,Fortinet,https://finance.yahoo.com/quote/FTNT/history?p=FTNT
201,FTV,Fortive,https://finance.yahoo.com/quote/FTV/history?p=FTV
202,FBHS,Fortune Brands Home & Security,https://finance.yahoo.com/quote/FBHS/history?p=FBHS
203,FOXA,Fox Corporation (Class A),https://finance.yahoo.com/quote/FOXA/history?p=FOXA
204,FOX,Fox Corporation (Class B),https://finance.yahoo.com/quote/FOX/history?p=FOX
205,BEN,Franklin Resources,https://finance.yahoo.com/quote/BEN/history?p=BEN
206,FCX,Freeport-McMoRan,https://finance.yahoo.com/quote/FCX/history?p=FCX
207,GPS,Gap,https://finance.yahoo.com/quote/GPS/history?p=GPS
208,GRMN,Garmin,https://finance.yahoo.com/quote/GRMN/history?p=GRMN
209,IT,Gartner,https://finance.yahoo.com/quote/IT/history?p=IT
210,GNRC,Generac Holdings,https://finance.yahoo.com/quote/GNRC/history?p=GNRC
211,GD,General Dynamics,https://finance.yahoo.com/quote/GD/history?p=GD
212,GE,General Electric,https://finance.yahoo.com/quote/GE/history?p=GE
213,GIS,General Mills,https://finance.yahoo.com/quote/GIS/history?p=GIS
214,GM,General Motors,https://finance.yahoo.com/quote/GM/history?p=GM
215,GPC,Genuine Parts,https://finance.yahoo.com/quote/GPC/history?p=GPC
216,GILD,Gilead Sciences,https://finance.yahoo.com/quote/GILD/history?p=GILD
217,GL,Globe Life,https://finance.yahoo.com/quote/GL/history?p=GL
218,GPN,Global Payments,https://finance.yahoo.com/quote/GPN/history?p=GPN
219,GS,Goldman Sachs,https://finance.yahoo.com/quote/GS/history?p=GS
220,GWW,W. W. Grainger,https://finance.yahoo.com/quote/GWW/history?p=GWW
221,HAL,Halliburton,https://finance.yahoo.com/quote/HAL/history?p=HAL
222,HBI,Hanesbrands,https://finance.yahoo.com/quote/HBI/history?p=HBI
223,HIG,The Hartford,https://finance.yahoo.com/quote/HIG/history?p=HIG
224,HAS,Hasbro,https://finance.yahoo.com/quote/HAS/history?p=HAS
225,HCA,HCA Healthcare,https://finance.yahoo.com/quote/HCA/history?p=HCA
226,PEAK,Healthpeak Properties,https://finance.yahoo.com/quote/PEAK/history?p=PEAK
227,HSIC,Henry Schein,https://finance.yahoo.com/quote/HSIC/history?p=HSIC
228,HSY,The Hershey Company,https://finance.yahoo.com/quote/HSY/history?p=HSY
229,HES,Hess Corporation,https://finance.yahoo.com/quote/HES/history?p=HES
230,HPE,Hewlett Packard Enterprise,https://finance.yahoo.com/quote/HPE/history?p=HPE
231,HLT,Hilton Worldwide,https://finance.yahoo.com/quote/HLT/history?p=HLT
232,HOLX,Hologic,https://finance.yahoo.com/quote/HOLX/history?p=HOLX
233,HD,Home Depot,https://finance.yahoo.com/quote/HD/history?p=HD
234,HON,Honeywell,https://finance.yahoo.com/quote/HON/history?p=HON
235,HRL,Hormel,https://finance.yahoo.com/quote/HRL/history?p=HRL
236,HST,Host Hotels & Resorts,https://finance.yahoo.com/quote/HST/history?p=HST
237,HWM,Howmet Aerospace,https://finance.yahoo.com/quote/HWM/history?p=HWM
238,HPQ,HP,https://finance.yahoo.com/quote/HPQ/history?p=HPQ
239,HUM,Humana,https://finance.yahoo.com/quote/HUM/history?p=HUM
240,HBAN,Huntington Bancshares,https://finance.yahoo.com/quote/HBAN/history?p=HBAN
241,HII,Huntington Ingalls Industries,https://finance.yahoo.com/quote/HII/history?p=HII
242,IEX,IDEX Corporation,https://finance.yahoo.com/quote/IEX/history?p=IEX
243,IDXX,Idexx Laboratories,https://finance.yahoo.com/quote/IDXX/history?p=IDXX
244,INFO,IHS Markit,https://finance.yahoo.com/quote/INFO/history?p=INFO
245,ITW,Illinois Tool Works,https://finance.yahoo.com/quote/ITW/history?p=ITW
246,ILMN,Illumina,https://finance.yahoo.com/quote/ILMN/history?p=ILMN
247,INCY,Incyte,https://finance.yahoo.com/quote/INCY/history?p=INCY
248,IR,Ingersoll Rand,https://finance.yahoo.com/quote/IR/history?p=IR
249,INTC,Intel,https://finance.yahoo.com/quote/INTC/history?p=INTC
250,ICE,Intercontinental Exchange,https://finance.yahoo.com/quote/ICE/history?p=ICE
251,IBM,IBM,https://finance.yahoo.com/quote/IBM/history?p=IBM
252,IP,International Paper,https://finance.yahoo.com/quote/IP/history?p=IP
253,IPG,Interpublic Group,https://finance.yahoo.com/quote/IPG/history?p=IPG
254,IFF,International Flavors & Fragrances,https://finance.yahoo.com/quote/IFF/history?p=IFF
255,INTU,Intuit,https://finance.yahoo.com/quote/INTU/history?p=INTU
256,ISRG,Intuitive Surgical,https://finance.yahoo.com/quote/ISRG/history?p=ISRG
257,IVZ,Invesco,https://finance.yahoo.com/quote/IVZ/history?p=IVZ
258,IPGP,IPG Photonics,https://finance.yahoo.com/quote/IPGP/history?p=IPGP
259,IQV,IQVIA,https://finance.yahoo.com/quote/IQV/history?p=IQV
260,IRM,Iron Mountain,https://finance.yahoo.com/quote/IRM/history?p=IRM
261,JKHY,Jack Henry & Associates,https://finance.yahoo.com/quote/JKHY/history?p=JKHY
262,J,Jacobs Engineering Group,https://finance.yahoo.com/quote/J/history?p=J
263,JBHT,J. B. Hunt,https://finance.yahoo.com/quote/JBHT/history?p=JBHT
264,SJM,JM Smucker,https://finance.yahoo.com/quote/SJM/history?p=SJM
265,JNJ,Johnson & Johnson,https://finance.yahoo.com/quote/JNJ/history?p=JNJ
266,JCI,Johnson Controls,https://finance.yahoo.com/quote/JCI/history?p=JCI
267,JPM,JPMorgan Chase,https://finance.yahoo.com/quote/JPM/history?p=JPM
268,JNPR,Juniper Networks,https://finance.yahoo.com/quote/JNPR/history?p=JNPR
269,KSU,Kansas City Southern,https://finance.yahoo.com/quote/KSU/history?p=KSU
270,K,Kellogg's,https://finance.yahoo.com/quote/K/history?p=K
271,KEY,KeyCorp,https://finance.yahoo.com/quote/KEY/history?p=KEY
272,KEYS,Keysight Technologies,https://finance.yahoo.com/quote/KEYS/history?p=KEYS
273,KMB,Kimberly-Clark,https://finance.yahoo.com/quote/KMB/history?p=KMB
274,KIM,Kimco Realty,https://finance.yahoo.com/quote/KIM/history?p=KIM
275,KMI,Kinder Morgan,https://finance.yahoo.com/quote/KMI/history?p=KMI
276,KLAC,KLA Corporation,https://finance.yahoo.com/quote/KLAC/history?p=KLAC
277,KHC,Kraft Heinz,https://finance.yahoo.com/quote/KHC/history?p=KHC
278,KR,Kroger,https://finance.yahoo.com/quote/KR/history?p=KR
279,LHX,L3Harris Technologies,https://finance.yahoo.com/quote/LHX/history?p=LHX
280,LH,LabCorp,https://finance.yahoo.com/quote/LH/history?p=LH
281,LRCX,Lam Research,https://finance.yahoo.com/quote/LRCX/history?p=LRCX
282,LW,Lamb Weston,https://finance.yahoo.com/quote/LW/history?p=LW
283,LVS,Las Vegas Sands,https://finance.yahoo.com/quote/LVS/history?p=LVS
284,LEG,Leggett & Platt,https://finance.yahoo.com/quote/LEG/history?p=LEG
285,LDOS,Leidos,https://finance.yahoo.com/quote/LDOS/history?p=LDOS
286,LEN,Lennar,https://finance.yahoo.com/quote/LEN/history?p=LEN
287,LLY,Eli Lilly,https://finance.yahoo.com/quote/LLY/history?p=LLY
288,LNC,Lincoln National,https://finance.yahoo.com/quote/LNC/history?p=LNC
289,LIN,Linde,https://finance.yahoo.com/quote/LIN/history?p=LIN
290,LYV,Live Nation Entertainment,https://finance.yahoo.com/quote/LYV/history?p=LYV
291,LKQ,LKQ Corporation,https://finance.yahoo.com/quote/LKQ/history?p=LKQ
292,LMT,Lockheed Martin,https://finance.yahoo.com/quote/LMT/history?p=LMT
293,L,Loews Corporation,https://finance.yahoo.com/quote/L/history?p=L
294,LOW,Lowe's,https://finance.yahoo.com/quote/LOW/history?p=LOW
295,LUMN,Lumen Technologies,https://finance.yahoo.com/quote/LUMN/history?p=LUMN
296,LYB,LyondellBasell,https://finance.yahoo.com/quote/LYB/history?p=LYB
297,MTB,M&T Bank,https://finance.yahoo.com/quote/MTB/history?p=MTB
298,MRO,Marathon Oil,https://finance.yahoo.com/quote/MRO/history?p=MRO
299,MPC,Marathon Petroleum,https://finance.yahoo.com/quote/MPC/history?p=MPC
300,MKTX,MarketAxess,https://finance.yahoo.com/quote/MKTX/history?p=MKTX
301,MAR,Marriott International,https://finance.yahoo.com/quote/MAR/history?p=MAR
302,MMC,Marsh & McLennan,https://finance.yahoo.com/quote/MMC/history?p=MMC
303,MLM,Martin Marietta Materials,https://finance.yahoo.com/quote/MLM/history?p=MLM
304,MAS,Masco,https://finance.yahoo.com/quote/MAS/history?p=MAS
305,MA,Mastercard,https://finance.yahoo.com/quote/MA/history?p=MA
306,MTCH,Match Group,https://finance.yahoo.com/quote/MTCH/history?p=MTCH
307,MKC,McCormick & Company,https://finance.yahoo.com/quote/MKC/history?p=MKC
308,MCD,McDonald's,https://finance.yahoo.com/quote/MCD/history?p=MCD
309,MCK,McKesson Corporation,https://finance.yahoo.com/quote/MCK/history?p=MCK
310,MDT,Medtronic,https://finance.yahoo.com/quote/MDT/history?p=MDT
311,MRK,Merck,https://finance.yahoo.com/quote/MRK/history?p=MRK
312,MET,MetLife,https://finance.yahoo.com/quote/MET/history?p=MET
313,MTD,Mettler Toledo,https://finance.yahoo.com/quote/MTD/history?p=MTD
314,MGM,MGM Resorts International,https://finance.yahoo.com/quote/MGM/history?p=MGM
315,MCHP,Microchip Technology,https://finance.yahoo.com/quote/MCHP/history?p=MCHP
316,MU,Micron Technology,https://finance.yahoo.com/quote/MU/history?p=MU
317,MSFT,Microsoft,https://finance.yahoo.com/quote/MSFT/history?p=MSFT
318,MAA,Mid-America Apartments,https://finance.yahoo.com/quote/MAA/history?p=MAA
319,MRNA,Moderna,https://finance.yahoo.com/quote/MRNA/history?p=MRNA
320,MHK,Mohawk Industries,https://finance.yahoo.com/quote/MHK/history?p=MHK
321,TAP,Molson Coors,https://finance.yahoo.com/quote/TAP/history?p=TAP
322,MDLZ,Mondelez International,https://finance.yahoo.com/quote/MDLZ/history?p=MDLZ
323,MPWR,Monolithic Power Systems,https://finance.yahoo.com/quote/MPWR/history?p=MPWR
324,MNST,Monster Beverage,https://finance.yahoo.com/quote/MNST/history?p=MNST
325,MCO,Moody's,https://finance.yahoo.com/quote/MCO/history?p=MCO
326,MS,Morgan Stanley,https://finance.yahoo.com/quote/MS/history?p=MS
327,MOS,The Mosaic Company,https://finance.yahoo.com/quote/MOS/history?p=MOS
328,MSI,Motorola Solutions,https://finance.yahoo.com/quote/MSI/history?p=MSI
329,MSCI,MSCI,https://finance.yahoo.com/quote/MSCI/history?p=MSCI
330,NDAQ,Nasdaq,https://finance.yahoo.com/quote/NDAQ/history?p=NDAQ
331,NTAP,NetApp,https://finance.yahoo.com/quote/NTAP/history?p=NTAP
332,NFLX,Netflix,https://finance.yahoo.com/quote/NFLX/history?p=NFLX
333,NWL,Newell Brands,https://finance.yahoo.com/quote/NWL/history?p=NWL
334,NEM,Newmont,https://finance.yahoo.com/quote/NEM/history?p=NEM
335,NWSA,News Corp (Class A),https://finance.yahoo.com/quote/NWSA/history?p=NWSA
336,NWS,News Corp (Class B),https://finance.yahoo.com/quote/NWS/history?p=NWS
337,NEE,NextEra Energy,https://finance.yahoo.com/quote/NEE/history?p=NEE
338,NLSN,Nielsen Holdings,https://finance.yahoo.com/quote/NLSN/history?p=NLSN
339,NKE,Nike,https://finance.yahoo.com/quote/NKE/history?p=NKE
340,NI,NiSource,https://finance.yahoo.com/quote/NI/history?p=NI
341,NSC,Norfolk Southern,https://finance.yahoo.com/quote/NSC/history?p=NSC
342,NTRS,Northern Trust,https://finance.yahoo.com/quote/NTRS/history?p=NTRS
343,NOC,Northrop Grumman,https://finance.yahoo.com/quote/NOC/history?p=NOC
344,NLOK,NortonLifeLock,https://finance.yahoo.com/quote/NLOK/history?p=NLOK
345,NCLH,Norwegian Cruise Line Holdings,https://finance.yahoo.com/quote/NCLH/history?p=NCLH
346,NRG,NRG Energy,https://finance.yahoo.com/quote/NRG/history?p=NRG
347,NUE,Nucor,https://finance.yahoo.com/quote/NUE/history?p=NUE
348,NVDA,Nvidia,https://finance.yahoo.com/quote/NVDA/history?p=NVDA
349,NVR,NVR,https://finance.yahoo.com/quote/NVR/history?p=NVR
350,NXPI,NXP,https://finance.yahoo.com/quote/NXPI/history?p=NXPI
351,ORLY,O'Reilly Automotive,https://finance.yahoo.com/quote/ORLY/history?p=ORLY
352,OXY,Occidental Petroleum,https://finance.yahoo.com/quote/OXY/history?p=OXY
353,ODFL,Old Dominion Freight Line,https://finance.yahoo.com/quote/ODFL/history?p=ODFL
354,OMC,Omnicom Group,https://finance.yahoo.com/quote/OMC/history?p=OMC
355,OKE,Oneok,https://finance.yahoo.com/quote/OKE/history?p=OKE
356,ORCL,Oracle,https://finance.yahoo.com/quote/ORCL/history?p=ORCL
357,OGN,Organon & Co.,https://finance.yahoo.com/quote/OGN/history?p=OGN
358,OTIS,Otis Worldwide,https://finance.yahoo.com/quote/OTIS/history?p=OTIS
359,PCAR,Paccar,https://finance.yahoo.com/quote/PCAR/history?p=PCAR
360,PKG,Packaging Corporation of America,https://finance.yahoo.com/quote/PKG/history?p=PKG
361,PH,Parker-Hannifin,https://finance.yahoo.com/quote/PH/history?p=PH
362,PAYX,Paychex,https://finance.yahoo.com/quote/PAYX/history?p=PAYX
363,PAYC,Paycom,https://finance.yahoo.com/quote/PAYC/history?p=PAYC
364,PYPL,PayPal,https://finance.yahoo.com/quote/PYPL/history?p=PYPL
365,PENN,Penn National Gaming,https://finance.yahoo.com/quote/PENN/history?p=PENN
366,PNR,Pentair,https://finance.yahoo.com/quote/PNR/history?p=PNR
367,PBCT,People's United Financial,https://finance.yahoo.com/quote/PBCT/history?p=PBCT
368,PEP,PepsiCo,https://finance.yahoo.com/quote/PEP/history?p=PEP
369,PKI,PerkinElmer,https://finance.yahoo.com/quote/PKI/history?p=PKI
370,PFE,Pfizer,https://finance.yahoo.com/quote/PFE/history?p=PFE
371,PM,Philip Morris International,https://finance.yahoo.com/quote/PM/history?p=PM
372,PSX,Phillips 66,https://finance.yahoo.com/quote/PSX/history?p=PSX
373,PNW,Pinnacle West Capital,https://finance.yahoo.com/quote/PNW/history?p=PNW
374,PXD,Pioneer Natural Resources,https://finance.yahoo.com/quote/PXD/history?p=PXD
375,PNC,PNC Financial Services,https://finance.yahoo.com/quote/PNC/history?p=PNC
376,POOL,Pool Corporation,https://finance.yahoo.com/quote/POOL/history?p=POOL
377,PPG,PPG Industries,https://finance.yahoo.com/quote/PPG/history?p=PPG
378,PPL,PPL,https://finance.yahoo.com/quote/PPL/history?p=PPL
379,PFG,Principal Financial Group,https://finance.yahoo.com/quote/PFG/history?p=PFG
380,PG,Procter & Gamble,https://finance.yahoo.com/quote/PG/history?p=PG
381,PGR,Progressive Corporation,https://finance.yahoo.com/quote/PGR/history?p=PGR
382,PLD,Prologis,https://finance.yahoo.com/quote/PLD/history?p=PLD
383,PRU,Prudential Financial,https://finance.yahoo.com/quote/PRU/history?p=PRU
384,PTC,PTC,https://finance.yahoo.com/quote/PTC/history?p=PTC
385,PEG,Public Service Enterprise Group,https://finance.yahoo.com/quote/PEG/history?p=PEG
386,PSA,Public Storage,https://finance.yahoo.com/quote/PSA/history?p=PSA
387,PHM,PulteGroup,https://finance.yahoo.com/quote/PHM/history?p=PHM
388,PVH,PVH,https://finance.yahoo.com/quote/PVH/history?p=PVH
389,QRVO,Qorvo,https://finance.yahoo.com/quote/QRVO/history?p=QRVO
390,PWR,Quanta Services,https://finance.yahoo.com/quote/PWR/history?p=PWR
391,QCOM,Qualcomm,https://finance.yahoo.com/quote/QCOM/history?p=QCOM
392,DGX,Quest Diagnostics,https://finance.yahoo.com/quote/DGX/history?p=DGX
393,RL,Ralph Lauren Corporation,https://finance.yahoo.com/quote/RL/history?p=RL
394,RJF,Raymond James Financial,https://finance.yahoo.com/quote/RJF/history?p=RJF
395,RTX,Raytheon Technologies,https://finance.yahoo.com/quote/RTX/history?p=RTX
396,O,Realty Income Corporation,https://finance.yahoo.com/quote/O/history?p=O
397,REG,Regency Centers,https://finance.yahoo.com/quote/REG/history?p=REG
398,REGN,Regeneron Pharmaceuticals,https://finance.yahoo.com/quote/REGN/history?p=REGN
399,RF,Regions Financial Corporation,https://finance.yahoo.com/quote/RF/history?p=RF
400,RSG,Republic Services,https://finance.yahoo.com/quote/RSG/history?p=RSG
401,RMD,ResMed,https://finance.yahoo.com/quote/RMD/history?p=RMD
402,RHI,Robert Half International,https://finance.yahoo.com/quote/RHI/history?p=RHI
403,ROK,Rockwell Automation,https://finance.yahoo.com/quote/ROK/history?p=ROK
404,ROL,Rollins,https://finance.yahoo.com/quote/ROL/history?p=ROL
405,ROP,Roper Technologies,https://finance.yahoo.com/quote/ROP/history?p=ROP
406,ROST,Ross Stores,https://finance.yahoo.com/quote/ROST/history?p=ROST
407,RCL,Royal Caribbean Group,https://finance.yahoo.com/quote/RCL/history?p=RCL
408,SPGI,S&P Global,https://finance.yahoo.com/quote/SPGI/history?p=SPGI
409,CRM,Salesforce,https://finance.yahoo.com/quote/CRM/history?p=CRM
410,SBAC,SBA Communications,https://finance.yahoo.com/quote/SBAC/history?p=SBAC
411,SLB,Schlumberger,https://finance.yahoo.com/quote/SLB/history?p=SLB
412,STX,Seagate Technology,https://finance.yahoo.com/quote/STX/history?p=STX
413,SEE,Sealed Air,https://finance.yahoo.com/quote/SEE/history?p=SEE
414,SRE,Sempra Energy,https://finance.yahoo.com/quote/SRE/history?p=SRE
415,NOW,ServiceNow,https://finance.yahoo.com/quote/NOW/history?p=NOW
416,SHW,Sherwin-Williams,https://finance.yahoo.com/quote/SHW/history?p=SHW
417,SPG,Simon Property Group,https://finance.yahoo.com/quote/SPG/history?p=SPG
418,SWKS,Skyworks Solutions,https://finance.yahoo.com/quote/SWKS/history?p=SWKS
419,SNA,Snap-on,https://finance.yahoo.com/quote/SNA/history?p=SNA
420,SO,Southern Company,https://finance.yahoo.com/quote/SO/history?p=SO
421,LUV,Southwest Airlines,https://finance.yahoo.com/quote/LUV/history?p=LUV
422,SWK,Stanley Black & Decker,https://finance.yahoo.com/quote/SWK/history?p=SWK
423,SBUX,Starbucks,https://finance.yahoo.com/quote/SBUX/history?p=SBUX
424,STT,State Street Corporation,https://finance.yahoo.com/quote/STT/history?p=STT
425,STE,Steris,https://finance.yahoo.com/quote/STE/history?p=STE
426,SYK,Stryker Corporation,https://finance.yahoo.com/quote/SYK/history?p=SYK
427,SIVB,SVB Financial,https://finance.yahoo.com/quote/SIVB/history?p=SIVB
428,SYF,Synchrony Financial,https://finance.yahoo.com/quote/SYF/history?p=SYF
429,SNPS,Synopsys,https://finance.yahoo.com/quote/SNPS/history?p=SNPS
430,SYY,Sysco,https://finance.yahoo.com/quote/SYY/history?p=SYY
431,TMUS,T-Mobile US,https://finance.yahoo.com/quote/TMUS/history?p=TMUS
432,TROW,T. Rowe Price,https://finance.yahoo.com/quote/TROW/history?p=TROW
433,TTWO,Take-Two Interactive,https://finance.yahoo.com/quote/TTWO/history?p=TTWO
434,TPR,Tapestry,https://finance.yahoo.com/quote/TPR/history?p=TPR
435,TGT,Target,https://finance.yahoo.com/quote/TGT/history?p=TGT
436,TEL,TE Connectivity,https://finance.yahoo.com/quote/TEL/history?p=TEL
437,TDY,Teledyne Technologies,https://finance.yahoo.com/quote/TDY/history?p=TDY
438,TFX,Teleflex,https://finance.yahoo.com/quote/TFX/history?p=TFX
439,TER,Teradyne,https://finance.yahoo.com/quote/TER/history?p=TER
440,TSLA,Tesla,https://finance.yahoo.com/quote/TSLA/history?p=TSLA
441,TXN,Texas Instruments,https://finance.yahoo.com/quote/TXN/history?p=TXN
442,TXT,Textron,https://finance.yahoo.com/quote/TXT/history?p=TXT
443,TMO,Thermo Fisher Scientific,https://finance.yahoo.com/quote/TMO/history?p=TMO
444,TJX,TJX Companies,https://finance.yahoo.com/quote/TJX/history?p=TJX
445,TSCO,Tractor Supply Company,https://finance.yahoo.com/quote/TSCO/history?p=TSCO
446,TT,Trane Technologies,https://finance.yahoo.com/quote/TT/history?p=TT
447,TDG,TransDigm Group,https://finance.yahoo.com/quote/TDG/history?p=TDG
448,TRV,The Travelers Companies,https://finance.yahoo.com/quote/TRV/history?p=TRV
449,TRMB,Trimble,https://finance.yahoo.com/quote/TRMB/history?p=TRMB
450,TFC,Truist Financial,https://finance.yahoo.com/quote/TFC/history?p=TFC
451,TWTR,Twitter,https://finance.yahoo.com/quote/TWTR/history?p=TWTR
452,TYL,Tyler Technologies,https://finance.yahoo.com/quote/TYL/history?p=TYL
453,TSN,Tyson Foods,https://finance.yahoo.com/quote/TSN/history?p=TSN
454,UDR,UDR,https://finance.yahoo.com/quote/UDR/history?p=UDR
455,ULTA,Ulta Beauty,https://finance.yahoo.com/quote/ULTA/history?p=ULTA
456,USB,U.S. Bancorp,https://finance.yahoo.com/quote/USB/history?p=USB
457,UAA,Under Armour (Class A),https://finance.yahoo.com/quote/UAA/history?p=UAA
458,UA,Under Armour (Class C),https://finance.yahoo.com/quote/UA/history?p=UA
459,UNP,Union Pacific,https://finance.yahoo.com/quote/UNP/history?p=UNP
460,UAL,United Airlines,https://finance.yahoo.com/quote/UAL/history?p=UAL
461,UNH,UnitedHealth Group,https://finance.yahoo.com/quote/UNH/history?p=UNH
462,UPS,United Parcel Service,https://finance.yahoo.com/quote/UPS/history?p=UPS
463,URI,United Rentals,https://finance.yahoo.com/quote/URI/history?p=URI
464,UHS,Universal Health Services,https://finance.yahoo.com/quote/UHS/history?p=UHS
465,VLO,Valero Energy,https://finance.yahoo.com/quote/VLO/history?p=VLO
466,VTR,Ventas,https://finance.yahoo.com/quote/VTR/history?p=VTR
467,VRSN,Verisign,https://finance.yahoo.com/quote/VRSN/history?p=VRSN
468,VRSK,Verisk Analytics,https://finance.yahoo.com/quote/VRSK/history?p=VRSK
469,VZ,Verizon Communications,https://finance.yahoo.com/quote/VZ/history?p=VZ
470,VRTX,Vertex Pharmaceuticals,https://finance.yahoo.com/quote/VRTX/history?p=VRTX
471,VFC,VF Corporation,https://finance.yahoo.com/quote/VFC/history?p=VFC
472,VIAC,ViacomCBS,https://finance.yahoo.com/quote/VIAC/history?p=VIAC
473,VTRS,Viatris,https://finance.yahoo.com/quote/VTRS/history?p=VTRS
474,V,Visa,https://finance.yahoo.com/quote/V/history?p=V
475,VNO,Vornado Realty Trust,https://finance.yahoo.com/quote/VNO/history?p=VNO
476,VMC,Vulcan Materials,https://finance.yahoo.com/quote/VMC/history?p=VMC
477,WRB,W. R. Berkley Corporation,https://finance.yahoo.com/quote/WRB/history?p=WRB
478,WAB,Wabtec,https://finance.yahoo.com/quote/WAB/history?p=WAB
479,WMT,Walmart,https://finance.yahoo.com/quote/WMT/history?p=WMT
480,WBA,Walgreens Boots Alliance,https://finance.yahoo.com/quote/WBA/history?p=WBA
481,DIS,The Walt Disney Company,https://finance.yahoo.com/quote/DIS/history?p=DIS
482,WM,Waste Management,https://finance.yahoo.com/quote/WM/history?p=WM
483,WAT,Waters Corporation,https://finance.yahoo.com/quote/WAT/history?p=WAT
484,WEC,WEC Energy Group,https://finance.yahoo.com/quote/WEC/history?p=WEC
485,WFC,Wells Fargo,https://finance.yahoo.com/quote/WFC/history?p=WFC
486,WELL,Welltower,https://finance.yahoo.com/quote/WELL/history?p=WELL
487,WST,West Pharmaceutical Services,https://finance.yahoo.com/quote/WST/history?p=WST
488,WDC,Western Digital,https://finance.yahoo.com/quote/WDC/history?p=WDC
489,WU,Western Union,https://finance.yahoo.com/quote/WU/history?p=WU
490,WRK,WestRock,https://finance.yahoo.com/quote/WRK/history?p=WRK
491,WY,Weyerhaeuser,https://finance.yahoo.com/quote/WY/history?p=WY
492,WHR,Whirlpool Corporation,https://finance.yahoo.com/quote/WHR/history?p=WHR
493,WMB,Williams Companies,https://finance.yahoo.com/quote/WMB/history?p=WMB
494,WLTW,Willis Towers Watson,https://finance.yahoo.com/quote/WLTW/history?p=WLTW
495,WYNN,Wynn Resorts,https://finance.yahoo.com/quote/WYNN/history?p=WYNN
496,XEL,Xcel Energy,https://finance.yahoo.com/quote/XEL/history?p=XEL
497,XLNX,Xilinx,https://finance.yahoo.com/quote/XLNX/history?p=XLNX
498,XYL,Xylem,https://finance.yahoo.com/quote/XYL/history?p=XYL
499,YUM,Yum! Brands,https://finance.yahoo.com/quote/YUM/history?p=YUM
500,ZBRA,Zebra Technologies,https://finance.yahoo.com/quote/ZBRA/history?p=ZBRA
501,ZBH,Zimmer Biomet,https://finance.yahoo.com/quote/ZBH/history?p=ZBH
502,ZION,Zions Bancorp,https://finance.yahoo.com/quote/ZION/history?p=ZION
503,ZTS,Zoetis,https://finance.yahoo.com/quote/ZTS/history?p=ZTS
